"id","first_name","last_name","email","gender","ip_address"
"1","Corinna","Osgorby","cosgorby0@nymag.com","Female","32.102.178.64"
"2","Erwin","Grube","egrube1@marriott.com","Male","174.159.212.214"
"3","Titus","Poletto","tpoletto2@toplist.cz","Male","74.39.254.93"
"4","Siffre","Dungey","sdungey3@people.com.cn","Male","123.217.112.23"
"5","Rubetta","Rosewarne","rrosewarne4@mashable.com","Female","232.93.157.195"
"6","Rutherford","Sharpous","rsharpous5@cornell.edu","Male","130.13.31.246"
"7","Nevile","Spurret","nspurret6@discuz.net","Male","73.200.211.27"
"8","Daven","Umbers","dumbers7@pcworld.com","Male","186.15.29.124"
"9","Garwood","Beals","gbeals8@google.cn","Male","94.131.115.3"
"10","Lindsy","MacGauhy","lmacgauhy9@tuttocitta.it","Female","233.58.156.148"
"11","Gunner","Challen","gchallena@cafepress.com","Male","154.182.109.75"
"12","Marinna","Sang","msangb@flickr.com","Female","174.102.254.231"
"13","Florian","Gallahar","fgallaharc@webs.com","Male","165.185.108.251"
"14","Gregg","Martinson","gmartinsond@gnu.org","Male","134.8.15.238"
"15","Jeffrey","Galey","jgaleye@simplemachines.org","Male","60.210.31.134"
"16","Martynne","Potell","mpotellf@marketwatch.com","Female","241.251.17.163"
"17","Allsun","Clinch","aclinchg@imdb.com","Female","244.20.135.77"
"18","Park","Deporte","pdeporteh@pen.io","Male","120.89.171.37"
"19","Kalindi","Stapford","kstapfordi@dyndns.org","Female","111.81.25.202"
"20","Bevan","Tolchar","btolcharj@nsw.gov.au","Male","232.99.156.93"
"21","Desmund","Froggatt","dfroggattk@columbia.edu","Male","141.125.56.232"
"22","Ddene","Buard","dbuardl@wikia.com","Female","172.152.153.47"
"23","Kassandra","Hugk","khugkm@printfriendly.com","Female","124.92.2.237"
"24","Bald","Skirling","bskirlingn@symantec.com","Male","89.123.97.172"
"25","Thain","Sonley","tsonleyo@walmart.com","Male","177.203.27.64"
"26","Henka","Aspling","hasplingp@mediafire.com","Female","104.54.110.37"
"27","Yorke","Stickel","ystickelq@histats.com","Male","147.123.251.55"
"28","Nell","Mosconi","nmosconir@foxnews.com","Female","17.124.100.95"
"29","Dorena","Meekins","dmeekinss@parallels.com","Female","127.196.53.197"
"30","Mirelle","Hallgalley","mhallgalleyt@merriam-webster.com","Female","80.48.120.188"
"31","Desmond","Anney","danneyu@alibaba.com","Male","70.89.30.34"
"32","Yulma","Deval","ydevalv@samsung.com","Male","86.130.23.32"
"33","Dale","Jerrans","djerransw@comsenz.com","Male","251.13.250.132"
"34","Yovonnda","Clubley","yclubleyx@infoseek.co.jp","Female","103.80.249.255"
"35","Danit","Dyter","ddytery@cbsnews.com","Female","146.229.227.200"
"36","Amelia","Kahn","akahnz@biblegateway.com","Female","141.215.169.124"
"37","Gui","Reggler","greggler10@tiny.cc","Female","97.120.178.213"
"38","Iggie","Graveney","igraveney11@hhs.gov","Male","237.102.129.228"
"39","Allissa","Beever","abeever12@friendfeed.com","Female","227.209.236.187"
"40","Clarance","Flecknell","cflecknell13@altervista.org","Male","17.239.62.58"
"41","Winston","Loosely","wloosely14@zdnet.com","Male","179.250.242.36"
"42","Guthry","Flament","gflament15@sina.com.cn","Male","15.72.218.245"
"43","Daisy","Vaan","dvaan16@oakley.com","Female","167.223.220.116"
"44","Werner","Domleo","wdomleo17@dagondesign.com","Male","14.16.38.40"
"45","Hagen","Grasner","hgrasner18@unc.edu","Male","251.213.188.216"
"46","Honoria","Torald","htorald19@amazon.de","Female","83.130.88.24"
"47","Ogdan","Beavan","obeavan1a@cpanel.net","Male","144.130.86.251"
"48","Annabal","Gudahy","agudahy1b@reuters.com","Female","227.22.68.181"
"49","Jacquenette","Plampin","jplampin1c@sciencedirect.com","Female","105.218.225.153"
"50","Brock","Dilland","bdilland1d@engadget.com","Male","231.116.21.145"
